Review ID,Author Name,Review Text,Star Rating,Helpfulness Count,Device Type,Date
PP1NOQU9,Hannah Montana,"The integration with my bank was seamless, but I wish I could have more control over my transaction limits within the app. Overall, I’m satisfied. However, there are areas that could be improved.",3,60,Chromebook,2024-03-14
4H20RAPE,Quinn Fabray,"Overall, it’s a solid app, but I’d like to see a better integration with banking systems to simplify transfers. However, there are areas that could be improved.",3,124,Tablet,2024-06-15
UUOYC3RW,Oscar Isaac,"This app has been my primary money management tool. I find it very convenient, but there are times when the app freezes, which is frustrating. However, there are areas that could be improved.",3,92,Tablet,2024-01-09
U3MOMYVU,Ricky Bobby,"Cash App is pretty good for transfering money, but it can be a little slow when receiving funds. I hope they can improve that in the next update.",3,90,Tablet,2023-11-12
S1QCWQ85,Kylie Jenner,"I've enjoyed using Cash App! It’s user-friendly, but I think it could benefit from additional features to make it even more versatile.",5,146,Tablet,2024-09-15
CMLXZVO5,Liam Neeson,"I enjoy the app's simplicity! It's generally reliable, but I hope they can continue to improve its performance with future updates.",5,115,Tablet,2024-07-28
GA0X7ZCG,Diana Prince,"The integration with my bank was seamless, but I wish I could have more control over my transaction limits within the app. Overall, I’m satisfied.",1,121,Chromebook,2024-09-24
AO1CJFX5,Jane Doe,"I really like Cash App, but I’ve experienced issues when trying to link my bank account. It would be great if the process could be more straightforward. However, there are areas that could be improved.",2,188,Tablet,2024-03-09
WE4BX4LR,Ricky Bobby,"While I find Cash App simple to use, I’ve encountered occasional glitches that disrupt transactions. I hope future updates will resolve these issues.",5,113,Phone,2023-10-30
TVQ05PXT,Liam Neeson,"I love using this app! It's simple to send money, but the interface can feel a bit outdated at times. A redesign would be welcome.",5,58,Phone,2024-03-09
LOFAS1EK,Ricky Bobby,"This app is fantastic! The interface is intuitive, and I love how quickly I can send money. The only downside is that it occasionally crashes during high usage times. Overall, I am satisfied with the performance of the app.",4,193,Tablet,2024-05-21
APKIANOU,Mia Wallace,"Cash App is perfect for my needs. I love the simplicity and the instant transfers, but there could be more options for customizing notifications.",2,183,Chromebook,2023-11-26
ONJPI163,Ian Malcolm,"The app is generally user-friendly, but I find the customer support response times a bit slow. It's crucial for me to have quick assistance when needed.",5,68,Tablet,2024-07-17
4GKWWJWG,Alice Johnson,"I really applicationreciate the ability to receive my paycheck directly through Cash App. However, the fees for instant transfers can be a bit high.",1,136,Phone,2024-07-18
9KEPADAH,Nina Williams,"I love using Cash App for its simplicity and effectiveness! However, the app does tend to use a lot of battery life on my phone. However, there are areas that could be improved.",4,95,Tablet,2023-10-31
2L48C1CQ,George Clooney,"Cash App is perfect for my needs. I really enjoy the simplicity and the instant transfers, but there could be more options for customizing notifications.",4,3,Phone,2023-10-22
I1P0BQ1S,George Clooney,"Cash App is fantastic! I’ve had mostly good experiences, but I hope they can enhance the customer support options available.",4,174,Tablet,2024-05-09
F00TERKM,Bob Smith,"While Cash App generally works well, I’ve had some frustrations with the application freezing occasionally during transactions.",2,28,Phone,2023-12-02
PA2VOI8U,Paula Patton,"This app has become my go-to for sending money! However, I’ve noticed that sometimes transactions take longer than expected to process. Overall, I am satisfied with the performance of the app.",5,39,Tablet,2024-09-06
IRYM81CM,Ethan Hunt,"Overall, it’s a solid app, but I’d like to see a better integration with banking systems to simplify transfers. Overall, I am satisfied with the performance of the app.",1,32,Tablet,2024-06-24
LUXM60AN,Ethan Hunt,"The new features are great, but the app does tend to lag at times. I really hope they can optimize performance in future updates.",4,180,Tablet,2024-01-09
KZGGM0J3,Ricky Bobby,"The community features in the app are fantastic! I can easily share my referral code with friends, but I wish the app was a bit more visually appealing. Overall, I am satisfied with the performance of the app.",1,135,Phone,2024-03-05
KJNAWNGA,Liam Neeson,"Cash App is a solid choice for managing money, but I think it could use a few more customization options for the user interface.",2,82,Chromebook,2024-09-19
XTNSRTWL,Kylie Jenner,"I enjoy using Cash App for my transactions. It’s simple and effective, but I’ve encountered a few bugs here and there that need fixing.",1,133,Chromebook,2024-09-17
B7GBDGBX,Mia Wallace,"While Cash App generally works well, I’ve had some frustrations with the app freezing occasionally during transactions.",4,134,Chromebook,2023-10-28
VBHZA7X7,Charlie Brown,"I applicationreciate the application's focus on security, but I’d like to see an even more straightforward process for changing my password.",1,92,Chromebook,2024-03-23
32CWT04C,George Clooney,"I enjoy the features that Cash App offers. It makes transactions simple, but I wish there were more options for customizing alerts.",1,25,Chromebook,2024-06-25
TGSIWG0O,Diana Prince,"Cash App is user-friendly and effective! However, the occasional glitches make me cautious about relying on it for important transactions.",5,91,Chromebook,2024-03-01
ZPD2TSXT,Tom Hardy,"Cash App has been an invaluable tool for me. It’s fast and easy to use, but I hope they can improve their customer service response times. Overall, I am satisfied with the performance of the app.",3,80,Chromebook,2024-05-08
4OW3LITN,Ricky Bobby,"Cash App is perfect for my needs. I love the simplicity and the instant transfers, but there could be more options for customizing notifications. Overall, I am satisfied with the performance of the app.",3,115,Tablet,2024-04-01
ABKAE6A9,George Clooney,"I love using Cash App for its simplicity and effectiveness! However, the application does tend to use a lot of battery life on my phone.",1,197,Chromebook,2024-06-02
7SUUDQFJ,Sophie Turner,"I really like Cash App, but I’ve experienced issues when trying to link my bank account. It would be great if the process could be more straightforward.",3,76,Phone,2024-01-03
O7002G3Y,Sophie Turner,"I enjoy the app's simplicity! It's generally reliable, but I hope they can continue to improve its performance with future updates. Overall, I am satisfied with the performance of the app.",3,9,Chromebook,2023-12-31
N27M5P7E,Hannah Montana,"I've had an excellent experience with Cash App! It's intuitive, but I’d love to see a more personalized user experience. Overall, I am satisfied with the performance of the app.",5,2,Chromebook,2023-12-03
NKBTFSHB,Mia Wallace,"Overall, I’m pleased with Cash App! It’s generally reliable, but I occasionally experience delays in sending money, which can be concerning.",5,147,Chromebook,2024-09-05
HKOECUBO,Charlie Brown,"I find Cash App convenient for everyday transactions. I appreciate the lack of ads, but sometimes I wish there were more promotional offers.",5,111,Chromebook,2024-08-16
1RHOUU9S,Hannah Montana,"I love Cash App for its ease of use and direct deposit features. However, I would appreciate it if the app could allow linking multiple bank accounts.",3,198,Tablet,2024-05-09
YUEONGMX,Jane Doe,"Cash App is pretty good for sending money, but it can be a little slow when receiving funds. I hope they can improve that in the next update.",3,157,Tablet,2023-12-07
FB3HN14E,Bob Smith,"The app has a lot of great features, but I’ve noticed it can slow down during peak hours. I’d appreciate any performance improvements! Overall, I am satisfied with the performance of the app.",5,37,Tablet,2024-10-14
M2KQL0HT,Ian Malcolm,"This app is very handy for quick transactions. However, I sometimes experience issues with lag when I’m trying to make a payment. Overall, I am satisfied with the performance of the app.",4,159,Chromebook,2024-08-10
ZYN6SJCH,Tom Hardy,"While I find Cash App easy to use, I’ve encountered occasional glitches that disrupt transactions. I hope future updates will resolve these issues.",1,119,Chromebook,2024-10-17
CXX6MDK5,Mia Wallace,"I really like Cash App, but I’ve experienced issues when trying to link my bank account. It would be great if the process could be more straightforward. Overall, I am satisfied with the performance of the app.",4,130,Chromebook,2024-09-01
6RVDH8UZ,Bob Smith,"Overall, it’s a solid app, but I’d like to see a better integration with banking systems to simplify transfers.",3,85,Tablet,2024-04-03
0AYMK99J,Bob Smith,"The referral program is a great way to earn extra money, but I wish there were more incentives for regular users as well.",3,99,Phone,2024-01-11
8IMOE0SY,Hannah Montana,"I've enjoyed using Cash App! It’s user-friendly, but I think it could benefit from additional features to make it even more versatile. However, there are areas that could be improved.",2,146,Phone,2024-03-17
86LTHET2,Ethan Hunt,"I really enjoy using Cash App for its simplicity and effectiveness! However, the app does tend to use a lot of battery life on my phone.",5,34,Tablet,2024-08-08
XUFCTZG4,Ethan Hunt,"I use Cash App for all my transactions now. The cash card feature is a lifesaver, but it sometimes takes longer than expected for transfers to process. However, there are areas that could be improved.",3,105,Tablet,2024-05-19
P767J2DG,Tom Hardy,"Cash App is a solid choice for managing money, but I think it could use a few more customization options for the user interface. However, there are areas that could be improved.",3,155,Chromebook,2023-12-13
IIYMYRSV,Liam Neeson,"I think Cash App is a reliable platform, but I'd like to see better security features in place. Adding two-factor authentication would be a great start. Overall, I am satisfied with the performance of the app.",4,125,Tablet,2024-08-12
FIO878IY,George Clooney,"This is my go-to app for all money transfers! It’s user-friendly, and the cash card feature adds extra convenience when shopping.",1,45,Tablet,2023-12-11
RLQIOB0N,Kylie Jenner,"This app is perfect for sending money to friends, but I wish I could get a real-time notification whenever a transaction goes through. However, there are areas that could be improved.",5,190,Chromebook,2023-12-22
TXZBDQ55,Hannah Montana,"Overall, it’s a solid application, but I’d like to see a better integration with banking systems to simplify transfers.",4,188,Phone,2024-01-10
N18GP51K,Fiona Gallagher,"I love how I can send money instantly. However, I’d like to see more transparency in fees for sending and receiving money.",3,156,Phone,2023-11-03
SF3Q0E27,Ricky Bobby,"I’ve had a generally good experience, but I think the app could benefit from adding more educational materials for new users. A tutorial would help a lot! However, there are areas that could be improved.",4,105,Tablet,2024-03-05
AQ665DLX,Fiona Gallagher,"This app has been a game changer for me! I can send money to my friends instantly, but sometimes the app freezes for a few seconds when I open it. However, there are areas that could be improved.",1,29,Chromebook,2024-03-05
WDZ09WFT,Bob Smith,"Cash App is pretty good for sending money, but it can be a little slow when receiving funds. I hope they can improve that in the next update. However, there are areas that could be improved.",3,144,Chromebook,2024-08-06
FF1BL08K,Fiona Gallagher,"This app has been a game changer for me! I can send money to my friends instantly, but sometimes the app freezes for a few seconds when I open it.",2,51,Phone,2023-12-08
1ARR3VRH,Paula Patton,"Overall, I’m pleased with Cash App! It’s generally reliable, but I occasionally experience delays in sending money, which can be concerning. Overall, I am satisfied with the performance of the app.",4,113,Phone,2023-12-19
VITWU3BF,Liam Neeson,"I really appreciate the ability to receive my paycheck directly through Cash App. However, the fees for instant transfers can be a bit high.",1,170,Chromebook,2023-12-18
K7BPGYVY,Tom Hardy,"While I find the application easy to use, I’ve had some trouble with customer service not resolving my issues quickly. Improvements in this area would be applicationreciated.",5,45,Tablet,2023-12-30
MB1L6314,Charlie Brown,"The application is generally user-friendly, but I find the customer support response times a bit slow. It's crucial for me to have quick assistance when needed.",4,34,Phone,2023-11-01
4LOHHCU9,Quinn Fabray,"Cash App makes it easy to manage my finances, but the referral program could use some improvements. It would be great if more people knew about it.",4,185,Chromebook,2023-12-17
79KVLS9M,Ethan Hunt,"While I find the app easy to use, I’ve had some trouble with customer service not resolving my issues quickly. Improvements in this area would be appreciated.",4,133,Chromebook,2023-12-03
R35IKGEQ,Diana Prince,"This is my go-to app for all money transfers! It’s user-friendly, and the cash card feature adds extra convenience when shopping. Overall, I am satisfied with the performance of the app.",5,106,Tablet,2024-09-28
MUWAHK2L,Quinn Fabray,"This application is very handy for quick transactions. However, I sometimes experience issues with lag when I’m trying to make a payment.",3,196,Phone,2024-08-24
YM0WBGLM,Paula Patton,"I've had an excellent experience with Cash App! It's intuitive, but I’d love to see a more personalized user experience.",2,123,Phone,2023-12-05
Q56Q37CS,Sophie Turner,"I find Cash App to be a useful tool for everyday transactions. The cash card feature is fantastic, but I wish it had a rewards program.",3,142,Chromebook,2024-10-12
HY25M8KB,Mia Wallace,"While I find the app easy to use, I’ve had some trouble with customer service not resolving my issues quickly. Improvements in this area would be appreciated. Overall, I am satisfied with the performance of the app.",5,99,Phone,2023-12-22
E2L4ZJD5,Liam Neeson,"Overall, I’m pleased with Cash App! It’s generally reliable, but I occasionally experience delays in sending money, which can be concerning. However, there are areas that could be improved.",3,55,Chromebook,2024-05-20
GNBHDS26,Ethan Hunt,"The recent updates have improved the app's speed significantly! I rarely experience any downtime now, which is a huge plus.",3,123,Chromebook,2024-01-27
LL1D9S9H,Bob Smith,"I appreciate the app's focus on security, but I’d like to see an even more straightforward process for changing my password.",4,182,Chromebook,2024-08-23
A7YVDQBS,Jane Doe,Cash App has really streamlined my money management. I applicationreciate the ability to invest and buy Bitcoin directly. I just wish they would add more cryptocurrencies!,5,194,Tablet,2023-11-29
6LGJLPEF,Ian Malcolm,"I enjoy using Cash App for my transactions. It’s simple and effective, but I’ve encountered a few bugs here and there that need fixing. Overall, I am satisfied with the performance of the app.",1,159,Chromebook,2024-02-01
DTTJ72UG,Jane Doe,"This application has been my primary money management tool. I find it very convenient, but there are times when the application freezes, which is frustrating.",5,113,Phone,2024-08-16
B6BNDOZ6,Oscar Isaac,"Using Cash App has simplified my financial transactions! I really enjoy how easy it is to navigate, but I’ve had issues with certain transactions not going through.",3,85,Phone,2023-10-22
13C71UD2,Oscar Isaac,"Overall, I’m pleased with Cash App! It’s generally reliable, but I occasionally experience delays in transfering money, which can be concerning.",3,175,Chromebook,2023-10-24
1Q8F6JNG,Kylie Jenner,"I’ve been using Cash App for about a year now. Overall, I’m satisfied with the service, but I hope they can improve the speed of transactions. Overall, I am satisfied with the performance of the app.",4,124,Phone,2024-09-18
RMQG1VED,Diana Prince,"Cash App has been a great financial tool for me! I really enjoy the investment feature, but I’d appreciate to see more tutorials on how to use it effectively.",1,77,Chromebook,2024-02-28
OOWT9NM3,Sophie Turner,"I love how I can send money instantly. However, I’d like to see more transparency in fees for sending and receiving money. Overall, I am satisfied with the performance of the app.",4,145,Tablet,2024-01-17
YGY0Z4EV,Kylie Jenner,"Cash App has been an invaluable tool for me. It’s fast and easy to use, but I hope they can improve their customer service response times.",2,78,Tablet,2024-09-16
VYV3LXCH,Ethan Hunt,"Cash App is quite efficient! However, I’ve noticed that transaction times can vary, which makes planning a bit tricky sometimes. However, there are areas that could be improved.",1,193,Phone,2023-11-18
FTOUHYLU,Jane Doe,"I appreciate the security measures Cash App has in place. However, I’d appreciate to see even more options for securing my account.",1,149,Phone,2023-12-13
9OEKNTBZ,Liam Neeson,"The app has a lot of great features, but I’ve noticed it can slow down during peak hours. I’d appreciate any performance improvements!",4,179,Chromebook,2024-04-03
WZOPHGFT,Liam Neeson,"The community features in the app are fantastic! I can easily share my referral code with friends, but I wish the app was a bit more visually appealing.",3,171,Phone,2024-08-14
AXF5X9EE,Nina Williams,"I’ve had a good experience overall, but I think the app could benefit from adding more advanced features for power users. However, there are areas that could be improved.",4,159,Phone,2024-03-03
STQMGVU4,Hannah Montana,"This app has transformed how I handle money. It's incredibly efficient, but I've experienced some occasional bugs that need addressing. Overall, I am satisfied with the performance of the app.",3,105,Chromebook,2023-12-31
N9UZERYF,Quinn Fabray,"I appreciate the app's focus on security, but I’d like to see an even more straightforward process for changing my password. Overall, I am satisfied with the performance of the app.",5,20,Chromebook,2023-12-14
DR08CW2L,Bob Smith,"I appreciate the security measures Cash App has in place. However, I’d like to see even more options for securing my account.",5,199,Phone,2024-02-24
Q6ULM9KG,Tom Hardy,"Cash App is a lifesaver for quick transactions! I really like how I can also invest right within the application, but sometimes the UI feels cluttered.",5,66,Phone,2023-12-04
RGB93WKC,Quinn Fabray,"I love Cash App for its ease of use and direct deposit features. However, I would appreciate it if the app could allow linking multiple bank accounts. However, there are areas that could be improved.",3,64,Phone,2023-12-11
K4AEGVFQ,Fiona Gallagher,"I’ve recommended Cash App to many friends! It’s convenient and simple to use, but I would love to see more investment options added to the app.",2,124,Phone,2024-01-25
5MDF7FR9,Mia Wallace,"The app has a lot of fantastic features, but I’ve noticed it can slow down during peak hours. I’d appreciate any performance improvements!",4,185,Chromebook,2024-07-28
H0MX1EGO,Jane Doe,"Cash App is fantastic! I’ve had mostly good experiences, but I hope they can enhance the customer support options available. However, there are areas that could be improved.",5,59,Tablet,2023-11-07
ZRF5A7QY,Quinn Fabray,"This app has become my go-to for sending money! However, I’ve noticed that sometimes transactions take longer than expected to process.",1,24,Chromebook,2023-11-30
M4VXJJ2J,Sophie Turner,"This app is perfect for sending money to friends, but I wish I could get a real-time notification whenever a transaction goes through.",4,197,Chromebook,2024-06-20
0VHMYGTY,Charlie Brown,Cash App has really streamlined my money management. I appreciate the ability to invest and buy Bitcoin directly. I just wish they would add more cryptocurrencies!,4,25,Chromebook,2024-08-29
YM0JBWCV,George Clooney,"I’ve had a good experience overall, but I think the app could benefit from adding more advanced features for power users.",1,181,Phone,2024-09-07
4EX6U86Z,Ian Malcolm,"Cash App is a lifesaver for quick transactions! I really like how I can also invest right within the app, but sometimes the UI feels cluttered.",4,169,Phone,2023-11-29
Q91YY1J2,Ian Malcolm,"While the app is mostly fantastic, I’ve had a few frustrating experiences with customer service. It took longer than expected to get a response regarding my issue.",4,99,Tablet,2024-09-21
J3GC9HOX,Diana Prince,"This app is very handy for quick transactions. However, I sometimes experience issues with lag when I’m trying to make a payment.",4,55,Chromebook,2023-11-27
